Price,Close,High,Low,Open,Volume
Ticker,GEHC,GEHC,GEHC,GEHC,GEHC
Date,,,,,
2022-12-15,59.73102569580078,62.71757698059082,59.73102569580078,62.71757698059082,1318200
2022-12-16,56.48564529418945,59.73102956282724,54.75344376592496,59.73102956282724,2307500
2022-12-19,56.246707916259766,58.72554680333443,52.76239857631447,52.76239857631447,117200
2022-12-20,56.95352554321289,57.7399848692341,56.50554214246689,57.7399848692341,22200
2022-12-21,56.704647064208984,65.98286514405457,55.25119316445886,58.73550264329861,290700
2022-12-22,57.34177780151367,60.745452953273094,56.74446911929632,58.16805873609687,3253200
2022-12-23,57.242225646972656,60.37412193644559,56.744467163085936,57.82958080986282,125800
2022-12-27,57.19245529174805,58.72555246043191,57.11779075346611,57.72007811310702,26500
2022-12-28,57.242225646972656,57.73998413085937,56.744467163085936,57.6702982469229,514800
2022-12-29,57.73998260498047,58.516484604092675,57.49110336961418,58.23774107571306,374800
2022-12-30,58.1182861328125,58.73550563719851,57.47119853472016,58.47667287651926,351100
2023-01-03,55.74895477294922,60.40797486849624,55.61953649318509,60.40797486849624,1794100
2023-01-04,60.21882629394531,60.4378374562826,53.260160643588414,53.88733743038186,33338500
2023-01-05,58.73550033569336,62.697657360254055,57.87935514691369,60.368147534019336,8850600
2023-01-06,58.68573760986328,59.671297476115726,57.61057724930069,59.412464684274696,5902600
2023-01-09,57.83953857421875,59.7111116749867,57.47119833230462,58.52644776310278,5288900
2023-01-10,59.73102569580078,59.790758088631264,57.794745249969615,58.884837684148806,6663000
2023-01-11,64.69865417480469,66.08242233560021,59.80569051656079,60.16905213125215,9219400
2023-01-12,65.35569763183594,66.22179262800537,63.37461697742874,65.79371998103693,5819800
2023-01-13,65.1466293334961,65.20635791792152,63.45424981885533,64.70859946053281,3772100
2023-01-17,63.04609298706055,65.43533528920511,62.976403303765004,63.6533551627861,3774600
2023-01-18,61.80169677734375,63.21532908522235,61.71210009602779,62.91667474670112,2610300
2023-01-19,63.65335464477539,64.21084552343119,61.02519041236193,61.055058504272935,2585600
2023-01-20,66.4706802368164,67.51597633701208,63.25516392760858,63.67327932960944,4001600
2023-01-23,69.2083511352539,69.59660982372482,66.47864624318328,67.04808067364415,3724100
2023-01-24,69.28799438476562,70.3133758675364,68.40198469993302,68.72054989453359,2591000
2023-01-25,68.40196990966797,69.38752958061116,66.64985792061988,68.15309066785058,2802100
2023-01-26,68.90969848632812,69.13866317801207,67.49606595313637,68.20288221973225,2075900
2023-01-27,69.76583862304688,70.1939112702348,68.05354803429516,68.55130657310937,2810600
2023-01-30,71.1794662475586,73.61847988509741,67.61551352728229,68.10332233094368,4259900
2023-01-31,69.2083511352539,70.7962022554192,68.1929269517264,70.69167720464088,3084300
2023-02-01,69.69613647460938,70.4228595184602,67.22725135608023,68.69066233408029,2698700
2023-02-02,70.33328247070312,71.56772151007986,68.69067778718838,69.27802921242991,2776000
2023-02-03,70.23372650146484,70.31336208811366,68.79022231257208,69.3178451006808,3074900
2023-02-06,71.53785705566406,72.02565829193173,69.22825776359822,69.59660181272665,2227400
2023-02-07,71.30889892578125,71.87634346276965,70.7812759907983,71.2591276196699,1932300
2023-02-08,69.85543823242188,71.09983469913251,69.70610913737794,70.89077700414832,1111900
2023-02-09,68.10332489013672,70.66180339934206,67.90421692344833,69.935072612516,1186000
2023-02-10,68.92959594726562,69.22825408964886,67.88430763930843,67.89425734091368,1968100
2023-02-13,69.11874389648438,69.55677379606252,67.60556143596534,68.21281980330082,2223200
2023-02-14,72.28450012207031,72.84198728984701,68.40596163929996,68.64090374503343,3036000
2023-02-15,71.99578857421875,73.21032051996926,71.39847989791953,72.37408229699682,1773000
2023-02-16,70.59212493896484,71.4980415983613,70.0246728705781,71.27902660955094,1829400
2023-02-17,72.84197998046875,73.15059542754236,70.57220234491972,70.6518455309511,2408600
2023-02-21,72.1451187133789,72.77229169352725,71.92610375660558,72.29444778346908,1835500
2023-02-22,71.61749267578125,72.67273822502577,70.52541044695883,71.94600750089118,2010200
2023-02-23,75.55974578857422,75.86835364432552,71.95895623557595,72.11525769904085,3763200
2023-02-24,74.67373657226562,75.43032406704754,73.8872771858121,74.50449290022932,2102900
2023-02-27,75.69911193847656,76.63490032850436,74.23570076520052,74.66377336966092,2139600
2023-02-28,75.65930938720703,75.99778159929893,74.96245036513919,75.69913098778144,3511800
2023-03-01,74.96244049072266,75.40046284895529,74.67373962098257,75.03212638375007,2534300
2023-03-02,74.70359802246094,75.13167064446887,74.1660179207399,74.45471876769335,1391900
2023-03-03,76.02765655517578,76.55527949242713,74.78325996913242,75.19141809985375,2082700
2023-03-06,76.33625030517578,76.81410184738208,75.36064022096787,75.56970549237803,1874100
2023-03-07,75.9081802368164,76.4905568393413,75.58961506290896,76.01768772739642,1709400
2023-03-08,76.28646850585938,77.0530208846388,75.76083562705898,75.90817476262308,1641300
2023-03-09,76.03758239746094,77.05301394632158,75.55973851168432,76.65480564471332,1683800
2023-03-10,74.63391876220703,76.18692301939751,74.16602450646559,75.53983538050389,3388600
2023-03-13,75.8982162475586,77.13266283341102,73.70808181943312,74.61399836731688,2272100
2023-03-14,76.79418182373047,78.40692212007869,76.00772247154046,76.34620220567422,1992300
2023-03-15,76.41588592529297,76.46565721744743,75.2511252800393,75.58960500457212,2326200
2023-03-16,76.27652740478516,77.10280087384436,75.4104247427768,75.61948243460091,1624600
2023-03-17,75.50001525878906,77.19239893164345,75.0918571862583,76.51544698154028,5803300
2023-03-20,74.86288452148438,75.47015057339944,74.17598287217169,75.1515853982303,1714100
2023-03-21,76.1769790649414,76.33626547572987,75.16155477934429,75.31088389065994,1401600
2023-03-22,74.43480682373047,76.70459208797189,74.3750782309215,76.51544141715368,1549800
2023-03-23,75.37060546875,76.36612265776299,74.53437467567193,75.07195486916214,1393700
2023-03-24,76.11723327636719,76.14709757285016,74.55427180048837,74.92261584589394,1154800
2023-03-27,76.03758239746094,77.11274253324576,75.92310007412573,76.47561228874919,1196600
2023-03-28,76.55525970458984,76.59508129647351,75.80862194595312,76.03758660529418,760800
2023-03-29,78.88475799560547,79.11373022729427,76.71453082321472,77.01318893494945,1786000
2023-03-30,81.77176666259766,81.92010076310471,79.14360236160135,79.4223459094052,2188900
2023-03-31,81.6622543334961,82.21974139599207,81.21427474330348,81.88126927810282,1916200
2023-04-03,81.44325256347656,82.24962658953379,81.10478039083469,81.63240324536044,1913100
2023-04-04,81.22423553466797,81.79168756600639,81.10477834507472,81.63240118629189,1552700
2023-04-05,80.75634765625,81.43329956936424,80.28845341693967,81.13464140953435,1410600
2023-04-06,79.80064392089844,80.69660311729602,79.7309504416493,80.60701023573296,1356700
2023-04-10,80.22872161865234,80.2685432151552,79.34271198324424,79.57168426433746,1579200
2023-04-11,80.22872161865234,80.32329696094753,79.60154856291638,80.22872161865234,1167000
2023-04-12,81.38351440429688,81.53284347270093,80.24564072630719,80.64185150817822,1232000
2023-04-13,82.56819152832031,82.7991461508091,81.01517967209344,81.28397354508337,1252800
2023-04-14,82.00074005126953,82.90665659416334,81.6124890192876,82.08037564089219,1163600
2023-04-17,82.34916687011719,82.86683236455457,81.63239341997934,81.8016294859308,861000
2023-04-18,83.28496551513672,83.78272407280733,82.41886289052046,82.41886289052046,1522000
2023-04-19,85.36559295654297,86.49052456677376,83.37455871848948,83.41438031467369,2422900
2023-04-20,84.61894989013672,85.93303210226998,84.3003847355345,84.98729393569246,1634900
2023-04-21,86.0923080444336,86.1271471877253,84.70853251457548,84.81803998524909,1850600
2023-04-24,87.39643859863281,87.43626019017304,85.79365561630043,86.21177093468488,2692800
2023-04-25,80.02960968017578,83.1256681058659,78.42682672944134,83.1256681058659,7291400
2023-04-26,79.76082611083984,79.91014758718849,77.21229738340303,79.37257508194918,3489500
2023-04-27,81.15454864501953,81.17446323983542,80.25858935331028,80.457689730314,1557000
2023-04-28,80.975341796875,81.36360037927025,80.64682698898866,80.83597003711928,1617600
2023-05-01,80.41786193847656,81.36260507900488,80.36310819974125,80.71652007615859,1355800
2023-05-02,78.10826110839844,80.28844571861266,77.54081673528412,79.97983029099485,1879100
2023-05-03,79.35266876220703,80.0594850063262,77.67024239813053,78.1182296594632,1748900
2023-05-04,77.90914916992188,79.90018282806828,77.34170488115778,79.26305266507669,1751400
2023-05-05,78.63587951660156,79.17345956573003,78.14807835163349,78.14807835163349,1077400
2023-05-08,79.06395721435547,79.13364309957579,78.25759088606424,78.5263771304307,842300
2023-05-09,76.02765655517578,78.4368065229092,75.7787772379671,78.19788450504319,2499700
2023-05-10,75.55974578857422,76.41589106116722,74.63391462612795,76.15705450091548,1792900
2023-05-11,74.65382385253906,75.37059736681,74.37508028480983,75.37059736681,1504800
2023-05-12,74.58413696289062,74.6737374485722,73.93704934920812,74.55427266606092,2577800
2023-05-15,74.5940933227539,75.22126633387282,74.36512105794976,74.76332939945692,1187900
2023-05-16,77.43132019042969,77.9191214513917,74.88279879987712,74.9325700986406,2668900
2023-05-17,79.94001007080078,80.24861787919569,75.86436212201689,77.58063228463212,3716300
2023-05-18,79.332763671875,80.7663031951552,78.86486939875147,80.05948693401714,1483500
2023-05-19,78.98432159423828,80.72548151649723,78.76531421628746,79.73095940530392,1312900
2023-05-22,78.75527954101562,79.09288442211516,78.3867961183639,79.02416751025541,1357700
2023-05-23,76.87303161621094,79.44542504101062,76.74356058174253,78.63575999552813,1382400
2023-05-24,76.21573638916016,76.82323209616857,75.76758730605275,76.65393200682267,1431900
2023-05-25,79.53206634521484,79.73124203310454,75.29951839400246,76.21573871519979,3127800
2023-05-26,78.10794067382812,79.87066912278341,78.04818948513781,79.44243454168293,2243100
2023-05-30,77.63984680175781,78.72537453427651,77.09211000294533,77.92865679301391,1775800
2023-05-31,79.18350219726562,79.4026000047729,77.4237523114381,78.21748419038273,4501500
2023-06-01,79.50218963623047,79.77107757091495,78.56604720054123,79.40260179368308,2355500
2023-06-02,79.64161682128906,80.53792263057379,79.57190456934833,79.97026355103773,2404500
2023-06-05,80.15947723388672,80.39251750136013,78.45650001535392,79.58186469521512,1416700
2023-06-06,82.58946228027344,82.83843569754207,77.48053049322476,77.67970618781338,23800600
2023-06-07,80.14952087402344,81.92221027966696,79.86071081608323,81.15536794698237,3883900
2023-06-08,77.43073272705078,78.07806513119876,76.43483905853566,77.03237374003159,15048600
2023-06-09,76.78339385986328,78.17764639804007,76.74355720470794,77.77928744455168,4894700
2023-06-12,77.9485855102539,77.98842216437681,76.58421619735219,76.93277742334661,5545200
2023-06-13,77.47056579589844,78.12685628910673,76.3850377965216,77.97847367076523,4122300
2023-06-14,78.20751953125,78.47641504557893,77.16183585903977,77.85895830717992,3322600
2023-06-15,78.77519226074219,78.84490451768711,77.90378524989755,78.33700418768815,3277900
2023-06-16,78.3270263671875,79.7710689227358,78.16767975793455,79.1735343341663,5390600
2023-06-20,78.57600402832031,78.8349384834371,77.43072490560196,78.03822058987696,3151100
2023-06-21,79.29306030273438,79.671497179031,77.96851983859713,78.46646669596608,2805700
2023-06-22,79.88062286376953,80.41840630687744,79.25321264584281,79.61173494124809,2229200
2023-06-23,79.49223327636719,80.02005571136011,78.68556182651503,79.53206993535647,7973000
2023-06-26,77.48053741455078,79.97027180964474,77.42077862238338,79.69141517501845,2500700
2023-06-27,76.75352478027344,78.02826746114152,75.87913177990997,77.62990847385382,3250400
2023-06-28,76.87303161621094,77.27138298916336,76.02651595352353,77.18175620966868,2920500
2023-06-29,78.35690307617188,78.37681760358069,76.83318719423205,76.95268955481423,1908200
2023-06-30,80.90638732910156,81.07569500180414,78.98830151804707,79.09386142904903,3429500
2023-07-03,80.35865020751953,81.12548487140579,79.57189341840453,81.07569475446304,1086900
2023-07-05,80.31881713867188,80.95618840926683,79.60674929223329,80.03996815754469,2655900
2023-07-06,78.79511260986328,79.94038429121514,78.67560263005817,79.67149633423612,2595900
2023-07-07,79.29306030273438,79.77905540218947,77.978480903203,78.6556889331474,2892600
2023-07-10,80.32878875732422,80.44829113747342,79.67149527424012,79.80095871875703,2263000
2023-07-11,80.92631530761719,81.11055319051557,79.88062399815773,80.16943405122811,1793100
2023-07-12,81.35455322265625,82.32057126130591,80.95619425027648,80.95619425027648,2124800
2023-07-13,81.06575775146484,81.66329251857275,80.56781084586379,81.39440453269758,1476300
2023-07-14,81.4840087890625,81.8226165422025,80.89643525005604,81.16532316155322,1791900
2023-07-17,80.8565902709961,82.02178376427749,80.74704138550155,81.40432710040493,2343200
2023-07-18,82.13134765625,82.55459788384513,80.4184094225195,80.77494103870609,2842800
2023-07-19,81.41429901123047,82.59941478601631,81.32467223737184,82.44006816840329,2781700
2023-07-20,81.5438232421875,82.83397722821134,81.4940148370548,81.94232848752587,3113900
2023-07-21,82.3208999633789,82.82899431450151,81.71318120637176,81.77296193058645,7717700
2023-07-24,80.32838439941406,82.37071899907936,79.96973044434255,82.17147017997529,4335700
2023-07-25,79.90995025634766,82.04194435592775,78.2860504816894,80.53759082182437,4729500
2023-07-26,77.14036560058594,80.00759851031177,77.0008898927366,79.95978152513028,4148600
2023-07-27,76.5724868774414,78.57497010640209,75.96476812437798,77.70822181903584,3224700
2023-07-28,77.57870483398438,78.02701842320415,76.60236749634119,76.9510566880515,2910100
2023-07-31,77.70822143554688,77.7381079968853,75.98468959010027,77.42927006191502,3916200
2023-08-01,77.3993911743164,77.74310186549519,76.81159420658244,77.54882399582404,2126700
2023-08-02,76.30348205566406,77.48903283612698,75.86513321314933,77.03075455481158,3073000
2023-08-03,75.73562622070312,76.40312570701622,75.39690171794112,76.3533097032665,2053300
2023-08-04,75.61607360839844,76.50772223396933,75.34309652446836,75.69577616734733,1449600
2023-08-07,75.30723571777344,76.00462177790723,74.88880864220626,75.81533008145082,1668300
2023-08-08,73.65343475341797,75.18767466257236,73.04571610106287,75.00834772251916,2574900
2023-08-09,73.64348602294922,74.59989404392651,73.14535637030342,73.52393977086162,3028400
2023-08-10,72.029541015625,74.30101070659269,71.85021406102996,73.9722433563594,3681600
2023-08-11,71.32218933105469,71.87013490720729,70.59492440363849,71.87013490720729,2898300
2023-08-14,71.53141021728516,71.60114805395274,70.58495946153457,71.23252943107883,2601100
2023-08-15,70.27613067626953,71.48160349559082,69.92744144768157,71.48160349559082,2476300
2023-08-16,70.40563201904297,72.00960985206713,70.15656723255914,70.94361286995053,3697400
2023-08-17,68.13416290283203,70.53515111128398,67.98472250962955,70.43551911524624,3791900
2023-08-18,68.10427856445312,68.4928190389329,67.64101409050915,67.94487344627969,2929200
2023-08-21,68.71199798583984,69.24001414374898,68.34337934689646,69.07065190458086,2807800
2023-08-22,68.6721420288086,69.14038503532161,68.41311252716979,68.89132025320652,2168400
2023-08-23,68.73191833496094,69.26989920140652,68.55259137947907,68.70203177585634,2079500
2023-08-24,68.17401885986328,69.52893200973975,67.98472717542542,69.37949160628115,2623200
2023-08-25,68.33341979980469,68.63230062166681,67.35708996998447,68.15410042771346,3096600
2023-08-28,69.05072784423828,69.39942467079997,68.50278980408646,68.80166302575425,2438700
2023-08-29,70.21634674072266,70.2362685789225,69.07064722245596,69.07064722245596,2044300
2023-08-30,70.1266860961914,70.72444010979737,69.96728857296199,70.23627521878554,1889200
2023-08-31,70.18646240234375,70.86391900873461,69.59966879453955,70.24624312701546,3573300
2023-09-01,68.99095153808594,70.7543270272465,68.84151113371698,70.40563781762206,2097300
2023-09-05,67.40690612792969,68.90129503894475,67.15784130942718,68.87140087600619,3773500
2023-09-06,66.72945404052734,67.94488405248386,65.81288966966304,67.25747027540508,3140100
2023-09-07,65.65348052978516,67.9149854912033,65.58374269223097,67.83528293375444,2836900
2023-09-08,64.65724182128906,65.74316100690281,64.47791481071857,65.6734231472841,3103100
2023-09-11,66.37077331542969,67.09803808511198,64.95607984406016,65.07563365316044,3630500
2023-09-12,65.15536499023438,66.37080265030828,64.97603799775042,66.13169492642577,2381800
2023-09-13,64.28861999511719,65.69334944405304,63.96981728059261,64.87641701303029,3612800
2023-09-14,65.75310516357422,65.81287828144956,64.3284542476626,64.6173703188172,3945100
2023-09-15,66.1814956665039,66.25123350299921,65.33467690881685,65.7531039277887,6711100
2023-09-18,66.03206634521484,66.7394095485099,65.62360397750041,65.62360397750041,3205300
2023-09-19,65.87267303466797,66.50031370864369,65.10554905450844,66.25124886329296,3160400
2023-09-20,64.76681518554688,66.55012013352979,64.65722606130707,66.17153675857237,1796400
2023-09-21,63.6510009765625,64.64726019685723,63.55137657470395,64.37827355175371,2172500
2023-09-22,64.08935546875,64.56257706347355,63.49757574693642,63.591225874124284,2277800
2023-09-25,66.23130798339844,66.78921064435409,63.76058208329513,63.76058208329513,3214500
2023-09-26,65.96231842041016,67.15284781887338,65.8726587439459,65.94239658148062,3619900
2023-09-27,68.02458190917969,68.15509619116096,65.90255239509318,66.12173065117682,5470000
2023-09-28,69.51897430419922,70.31598480249882,67.7555986478448,68.48286369675192,4817700
2023-09-29,67.78548431396484,69.9374004695157,67.67589518187812,69.81785421695224,3146200
2023-10-02,67.58621978759766,68.4031596200536,67.31723315072769,67.74562490637572,1942100
2023-10-03,66.72945404052734,67.27739211785938,66.15162179823052,67.09806513234848,2726100
2023-10-04,67.6260757446289,67.81536743605655,66.22135414229857,66.88884602142613,2084400
2023-10-05,67.34712982177734,68.42309173251085,66.37776991021053,68.08435960467746,1894300
2023-10-06,68.20390319824219,68.73191935251862,66.4006764975953,66.7593304138688,2319800
2023-10-09,67.54637145996094,67.82532279776964,66.92868806848887,67.5662932980099,1600300
2023-10-10,67.93489837646484,68.37324713390728,67.35706637704936,67.74560674886438,2209000
2023-10-11,67.52644348144531,68.0544596109817,66.78921384402776,68.0544596109817,2032900
2023-10-12,66.26121520996094,67.65597989829348,65.92248305953375,67.46668817891192,2252100
2023-10-13,66.8689193725586,67.38697080545994,65.81287946568163,65.88261730474247,1984200
2023-10-16,66.62981414794922,67.43678928776616,66.0818761354007,67.37700856576011,1951500
2023-10-17,66.55011749267578,67.15783621176097,65.8228449334764,66.12172573333466,1596000
2023-10-18,64.98600006103516,66.23132423543073,64.84651676071574,66.05199725028355,1917700
2023-10-19,65.23516082763672,66.45115745946879,64.62716251172068,65.01588935354613,1669200
2023-10-20,63.83976364135742,65.314901392092,63.65038486894965,65.314901392092,2575000
2023-10-23,63.77996826171875,64.32816224458429,63.15203503660118,63.740098640592734,2412500
2023-10-24,64.45772552490234,64.84644478150672,63.750056939690495,63.80985756244445,2511200
2023-10-25,64.29825592041016,64.77667612050308,63.76999299530358,63.98926828665017,3179600
2023-10-26,63.700225830078125,64.52749951505257,63.37131097769768,63.90953942942148,3484900
2023-10-27,62.89288330078125,64.10888007187405,62.51413332468362,63.98927121420265,2606400
2023-10-30,62.962650299072266,63.461009109616164,62.14534215395434,63.33143855644146,4484200
2023-10-31,66.35148620605469,67.47777428652273,65.55410913384723,66.4710950481912,7555100
2023-11-01,68.0558853149414,68.22532550381558,65.78337010966752,66.53090840636828,4523300
2023-11-02,69.02269744873047,69.5310255808206,68.05588010892554,69.37154710630126,3115900
2023-11-03,71.3350830078125,71.66400166243587,69.4014483035625,69.71043595079308,4022800
2023-11-06,70.85665893554688,71.72380608793314,70.52774786785452,71.43475703713771,2350100
2023-11-07,70.46794128417969,71.22544889695861,70.44801027526444,71.0161390837604,1912900
2023-11-08,69.76026916503906,70.92643464450816,69.29679908814113,70.92643464450816,2062100
2023-11-09,68.08576965332031,69.90976449430195,67.82662857974061,69.8997951901332,1981500
2023-11-10,69.29180908203125,69.34164800727905,68.16552085234292,68.32499932965402,2773300
2023-11-13,69.78020477294922,70.31843321621872,69.1223674741691,69.34164657376246,1993200
2023-11-14,71.97298431396484,72.13246279629668,70.44800744734141,70.7669568076525,2634400
2023-11-15,71.28524017333984,72.3915973295959,71.24038970590155,71.76366797240404,2780100
2023-11-16,71.68392944335938,72.42150595768382,71.26530986778191,71.76366867804612,2946600
2023-11-17,72.76038360595703,73.13813738010454,71.7885854827752,72.29192512494843,2920000
2023-11-20,73.08930206298828,73.24877292173606,72.53113504649187,72.85008436833911,1787600
2023-11-21,73.13914489746094,73.44813256728786,72.35173697169694,73.25875376362163,1469300
2023-11-22,73.35840606689453,73.93650403869017,72.94975584845346,73.50791521192457,1123300
2023-11-24,73.46805572509766,73.59762627966076,73.1501025572244,73.5776952729403,558900
2023-11-27,70.90648651123047,71.28025559570955,70.31842680173875,71.02609535583031,4253600
2023-11-28,67.9063720703125,70.55266386990034,67.88146021206242,70.46793617618171,5167900
2023-11-29,67.48774719238281,68.61703144753709,67.23856779456527,68.07581452549513,3762900
2023-11-30,68.23529052734375,68.45456963064208,66.17208526212663,67.48775227756433,3324600
2023-12-01,69.18218231201172,69.44132345050822,67.93428518627982,68.12565633163469,1898700
2023-12-04,69.14230346679688,69.53600357753544,68.5442668162469,68.66387566722729,1478700
2023-12-05,67.70703125,68.8233577717465,67.49772145298859,68.68381790707222,1896200
2023-12-06,67.8266372680664,68.45456663281541,67.64223933690323,68.1655176097034,1579700
2023-12-07,67.1688003540039,68.06584774022699,66.7800810873659,67.8764689574821,2089200
2023-12-08,68.29509735107422,68.40473691267215,66.82992863621214,66.95949920703106,1893700
2023-12-11,70.89652252197266,71.0759320001481,68.86321763743494,68.93299517194679,3051300
2023-12-12,71.81350708007812,72.15736826901137,71.00616064234501,71.06596887010237,2407200
2023-12-13,73.9365234375,74.02622438544238,72.2819683126017,72.37167686489707,2628600
2023-12-14,75.67079162597656,76.04954914702087,74.09597613322137,74.09597613322137,4271300
2023-12-15,74.7637939453125,76.33860207174305,74.24051565196572,76.12929227527479,5699300
2023-12-18,74.81361389160156,75.26712218384371,74.30529343646863,74.75381327437442,1945800
2023-12-19,75.44156646728516,75.5910680414207,74.75382880885087,74.89336868094584,2441800
2023-12-20,75.19239044189453,76.33860978537096,74.63422332389362,75.11265119584397,2162200
2023-12-21,76.9366455078125,77.35526513750618,75.83028819765566,75.83028819765566,2992100
2023-12-22,77.32537078857422,77.45494136842456,76.73730331679965,77.04629101390975,2197800
2023-12-26,77.88351440429688,78.06790473104424,77.32535496915763,77.44495621705777,1413900
2023-12-27,77.4150619506836,78.03302966238405,77.12601290509882,77.82371985786114,1365000
2023-12-28,77.28549194335938,77.70909240638754,76.99644289569464,77.57454099102411,1569500
2023-12-29,77.06620788574219,77.38515722746533,76.60771868228719,76.90673701705668,1786900
2024-01-02,76.11933898925781,77.15592638471536,75.45652075832017,76.32864880886657,2003100
2024-01-03,75.86017608642578,76.42830480632877,75.18738867406755,75.98974663505219,2692400
2024-01-04,76.31867218017578,76.69742215965283,75.60103423644881,75.750543408784,2395900
2024-01-05,76.36849975585938,77.19576952504084,75.34187431405603,75.75053215074735,2377700
2024-01-08,77.10608673095703,77.19578767951073,76.05953003837895,76.74726772803615,1880600
2024-01-09,76.40837097167969,77.40508852087864,74.15578718127168,76.75722059302903,3507200
2024-01-10,75.91996765136719,76.35852577032621,74.6342012061607,76.08940779574652,3020600
2024-01-11,75.99971771240234,76.07446849136232,74.53454160997187,75.94987879019445,2305500
2024-01-12,75.9498519897461,76.24898797406028,75.18208078744432,76.05953467683835,1888300
2024-01-16,74.75333404541016,75.68064660167487,74.32457646332335,75.68064660167487,2831600
2024-01-17,72.53974151611328,74.02543306109476,71.81184797909805,74.02543306109476,3766900
2024-01-18,73.30752563476562,73.54683751787177,72.21070612957269,72.5397542633343,2421500
2024-01-19,73.89582824707031,73.90580147787456,72.98845442753688,73.23274913449114,3704600
2024-01-22,74.42427825927734,75.23193479977937,73.95563541471884,74.06531810631103,2414900
2024-01-23,73.45709228515625,74.51403406406378,72.47493832107443,74.4143169776295,2850400
2024-01-24,71.34321594238281,73.48699612811855,71.1039040905891,73.4271719688425,3594400
2024-01-25,72.65939331054688,72.88872430268533,71.21357954716615,72.1209531097717,2126500
2024-01-26,72.93859100341797,73.0781857813987,72.26055596436375,72.78902299634008,2334500
2024-01-29,74.16503143310547,74.20491674188453,72.2904675645583,72.69928627403509,2160100
2024-01-30,73.78612518310547,74.30461893175537,72.90867129795024,73.5169088843985,1673900
2024-01-31,73.14799499511719,74.25478777612919,72.73917621683975,73.71634742801422,3129600
2024-02-01,74.13512420654297,74.91286876028701,72.77905404866017,73.14798747350979,2593600
2024-02-02,73.69640350341797,74.14509995896914,72.31041360932613,73.81605183431398,2446600
2024-02-05,73.19784545898438,73.35737909598863,72.4001544519274,73.00839213315567,3365700
2024-02-06,81.72312927246094,82.86980721795562,76.33873410774096,76.5281874295391,12511200
2024-02-07,81.59351348876953,82.2695554715288,79.9383072298797,81.80290567681963,4278100
2024-02-08,81.82284545898438,81.90261608600821,80.20353824565987,81.29437836780643,2483800
2024-02-09,81.10491180419922,82.51084034867479,80.3770258715081,82.05217072910428,2755000
2024-02-12,82.92963409423828,83.06922888097108,81.15477957091092,81.384118210455,2304300
2024-02-13,82.0721206665039,82.47794972627587,80.92545026633994,82.11200597889982,2529800
2024-02-14,82.92963409423828,83.19885804532677,82.10203099621856,82.36128171758463,2214800
2024-02-15,85.38253021240234,85.49221292568014,83.68246337128835,83.69741941334023,2346100
2024-02-16,85.77140045166016,87.03773443537982,83.24871332180923,83.26865978229458,13131800
2024-02-20,86.14033508300781,86.55911947081664,85.33267839118423,85.68166538102493,6372600
2024-02-21,84.73440551757812,84.96373654222812,81.82283872943655,82.76012450151498,5838000
2024-02-22,87.38671112060547,87.84538076221324,84.75932440124696,85.20303800292636,4154900
2024-02-23,88.81259155273438,89.4706878350636,86.98289552997373,87.14741960055603,3815600
2024-02-26,90.35810089111328,90.44783712960903,88.53338796825257,88.6829559730902,3805100
2024-02-27,92.25261688232422,92.31244865728408,89.23037813797872,89.74987617742357,3993400
2024-02-28,92.75115966796875,93.68744884733103,91.73411091591534,91.98338839123032,3431900
2024-02-29,91.01619720458984,93.0702413165675,88.61316612320026,93.04032923452439,6144000
2024-03-01,92.45204162597656,92.79105537888326,90.31323638789837,90.78686972996755,2696200
2024-03-04,92.46200561523438,93.22977690130749,92.15788678735878,92.6713977841634,2615200
2024-03-05,91.54466247558594,93.22978073280748,91.25549967593966,92.4520361855807,2804900
2024-03-06,92.8309326171875,93.80810369219463,91.18569971732126,91.295382417802,2521200
2024-03-07,92.3922119140625,93.27963916381351,91.72414246384318,92.93064459432101,3014400
2024-03-08,93.59870147705078,94.22687792457067,92.22268505770597,92.5317942746854,2853900
2024-03-11,92.7312240600586,93.7881581580056,91.86373567698155,93.53888067397318,2123200
2024-03-12,91.55462646484375,92.23266146967133,91.4349705437526,91.92355984936644,3042200
2024-03-13,88.22428131103516,89.10671803535176,86.29985903036095,87.30693448371774,14434500
2024-03-14,88.07472229003906,88.78266943024988,87.50636993199122,87.8453836580027,4859000
2024-03-15,89.15159606933594,89.47067091965236,87.6758701320321,87.99494498234854,7314600
2024-03-18,90.34813690185547,90.6971238772702,89.23536482957722,89.6401897210583,2843900
2024-03-19,90.51764678955078,90.73701221207398,90.0988624051042,90.33816668088143,2996500
2024-03-20,90.6273193359375,90.84668473385639,89.88946013076524,90.21850822764358,2016900
2024-03-21,90.93641662597656,91.91358764070307,90.85665361837516,90.98627516215392,2754900
2024-03-22,89.47067260742188,91.63439921467612,89.11171244312641,91.19566843446064,6178000
2024-03-25,88.02486419677734,89.83960398144359,87.9949521157829,89.55044118625536,2436000
2024-03-26,88.81259155273438,89.0848052124027,87.44654805014991,88.22430027672426,2845200
2024-03-27,90.04900360107422,90.42791027791924,89.45572192114751,89.70001661504256,2629100
2024-03-28,90.64726257324219,90.88656681367532,89.39090199811515,89.93930786608043,2108000
2024-04-01,89.27124786376953,91.19567026932796,88.9322341503054,91.04610226330476,1958200
2024-04-02,87.8553466796875,88.9820780354749,87.6060692251673,88.59320581501092,3010700
2024-04-03,88.77271270751953,89.7897692893587,87.8553732234914,87.99496803161105,4403900
2024-04-04,87.70579528808594,90.57746936911848,87.61605903899694,89.88946863739923,2728200
2024-04-05,88.21431732177734,89.24133933945846,87.5961064223458,87.70578912397632,1592500
2024-04-08,87.4565200805664,88.58824209806554,87.36678382912342,88.47357657432865,1692400
2024-04-09,86.6887435913086,87.98498199336152,86.20015422666187,87.87529928761187,4172700
2024-04-10,85.14321899414062,86.44943060920545,84.9936509784637,85.13324576447009,2926100
2024-04-11,87.95507049560547,88.66301766910908,85.36258606693211,86.23007448889337,3071000
2024-04-12,86.03063201904297,87.27701926458391,85.8062838363144,86.81834967110613,2227900
2024-04-15,85.88106536865234,87.65592722417597,85.27282777474667,87.34681800946291,1983600
2024-04-16,85.63180541992188,86.1901922017758,85.10333832871294,85.58195448353833,1868200
2024-04-17,84.94380950927734,86.0007437517598,84.9138974242782,85.8212636344188,1711600
2024-04-18,84.75428771972656,85.90635430146281,84.40517778738615,85.12334352961824,1815300
2024-04-19,84.2754898071289,85.39264902644527,83.88648057031844,84.78419712065975,2022700
2024-04-22,84.095947265625,84.86399661405699,83.96628005551132,84.59467784148096,2113700
2024-04-23,86.02105712890625,86.43001989925655,84.57474134259891,84.7742305510463,1951300
2024-04-24,86.49983215332031,87.05840796216225,85.58216972164436,85.89138024296406,2020300
2024-04-25,85.7317886352539,86.45495410625793,84.52486147478724,85.78166474015941,1362900
2024-04-26,86.02105712890625,86.67938521482854,84.94380474925464,85.14329395770203,1790600
2024-04-29,88.71420288085938,88.95359144160794,86.08090588254963,86.08090588254963,4353000
2024-04-30,76.04643249511719,82.09105196470155,75.88684267557028,80.83424884191331,14433600
2024-05-01,78.06131744384766,78.92910383745331,76.30578356053674,76.32572943658593,5303300
2024-05-02,77.63240814208984,79.16849932544773,76.99403357368463,78.98895600245719,2995700
2024-05-03,79.26824188232422,79.85674033083582,78.30070331169671,78.30070331169671,2722700
2024-05-06,79.59739685058594,79.79688602163039,78.45031509202018,79.39790006951742,2389700
2024-05-07,81.2232666015625,81.47263190396076,79.46773274187171,79.79689676744344,3225500
2024-05-08,80.9040756225586,81.36789141101656,80.0462584126984,80.80433102816143,2748400
2024-05-09,82.51996612548828,82.54988874305066,80.95395238951684,81.29308553525692,1952700
2024-05-10,83.18826293945312,83.267057136034,82.5000122982735,82.958843522385,1856300
2024-05-13,80.82427215576172,83.78673285650638,80.37541770232588,83.67701152610663,1885300
2024-05-14,80.31556701660156,81.48260232489808,80.09613195993741,80.79435170846995,2500700
2024-05-15,81.70204162597656,82.03119800242587,79.93653123309086,80.98386842277046,1956200
2024-05-16,81.10356140136719,81.75689721872769,80.69460629852583,81.29308144977078,1627100
2024-05-17,81.65217590332031,81.67212177926656,80.21582931438509,80.79435864715346,1321000
2024-05-20,81.54244995117188,82.46011239332958,81.26316204356081,81.76189262430192,1248500
2024-05-21,81.73197174072266,81.79181697647309,80.89410039009218,81.5424516808131,1150200
2024-05-22,80.41532135009766,81.68209367317426,80.16595606043477,81.36290640680676,1633600
2024-05-23,79.12860870361328,80.77442141113961,79.02886409316265,80.77442141113961,2034900
2024-05-24,79.64727783203125,80.05624058985471,78.70966944901757,79.63730108890682,1433900
2024-05-28,78.5500717163086,79.51761032521192,78.30070640927269,79.16850041736672,1854800
2024-05-29,78.2508316040039,78.71963960662474,77.71220922867928,77.87179907062074,2397000
2024-05-30,78.37052917480469,78.72961582933044,76.74467009627577,77.80197657347645,2750100
2024-05-31,77.80197143554688,78.53012143970074,76.71474241060562,78.53012143970074,7002100
2024-06-03,76.9541244506836,78.59993676766341,76.05640794960149,77.86181008342693,3059500
2024-06-04,77.32318878173828,77.62243018538508,76.05641640768683,76.8543884107283,1967200
2024-06-05,76.76461791992188,77.58253585152868,76.42548474316989,77.26334855163397,2637500
2024-06-06,76.80451965332031,76.9541403694553,75.56766977932081,76.45540972235582,2474900
2024-06-07,76.14618682861328,76.83443751417745,75.71728580430549,76.52522696734151,2357000
2024-06-10,75.58761596679688,75.81703541381488,75.02904007496284,75.77713604868019,2115500
2024-06-11,74.55024719238281,75.3581959309111,74.32083538035036,75.3581959309111,2655600
2024-06-12,75.77713012695312,76.03647217504898,74.81956826862823,75.00908072567601,3081600
2024-06-13,76.7945327758789,77.13367352836742,74.94923114711922,74.97915376439252,2530200
2024-06-14,76.29579162597656,76.41548968851376,74.91929815190538,76.0065270156961,2576800
2024-06-17,77.35311889648438,77.66232943244681,75.76715163552625,76.06639303873344,2190500
2024-06-18,78.07128143310547,78.52014351990324,76.97407568208538,77.11371963530478,2032500
2024-06-20,79.23831939697266,79.89663982539368,77.65235214709597,77.80197284765413,3408100
2024-06-21,78.968994140625,79.89663327601421,78.29072028238316,79.62732212510575,5115500
2024-06-24,78.6498031616211,79.43779831325217,78.46029073479009,79.12858781945637,2270100
2024-06-25,78.60991668701172,79.0787246802463,78.1710389229407,78.77949087883768,1798500
2024-06-26,77.80197143554688,79.08869726095313,77.76705664170619,78.65978865248438,2426200
2024-06-27,78.61988830566406,78.89917621278502,77.69224912271244,77.81194720148916,2192600
2024-06-28,77.72218322753906,79.44580081056748,77.0339401004159,79.0089092269792,9422500
2024-07-01,76.06639099121094,78.15108118469125,76.02649163118897,78.15108118469125,3081400
2024-07-02,76.1362075805664,76.51524005891366,75.48785634363682,76.06638560797548,2171300
2024-07-03,77.04389953613281,77.15362087491103,76.11626033284193,76.17611317855498,1346700
2024-07-05,76.8643569946289,77.05387705625357,76.35565726609686,77.00400095266025,1689500
2024-07-08,76.15616607666016,77.44289202198212,76.11626671284876,76.80451742105076,1662000
2024-07-09,76.67483520507812,76.8045024045941,75.54769932534857,76.1561511869661,2152500
2024-07-10,78.93907928466797,79.01887800760517,76.73469093119712,76.73469093119712,2475300
2024-07-11,79.73705291748047,80.51507145689635,78.988956997269,78.988956997269,2540600
2024-07-12,80.0761947631836,81.1185400319433,79.7370615620665,80.08617150734176,2579000
2024-07-15,79.98641204833984,80.42528977949364,79.64727130014978,80.04625728212794,2483200
2024-07-16,82.4301986694336,82.74938597114384,79.9864216041544,80.2457560549014,3524300
2024-07-17,82.2606201171875,83.40770193183846,81.75191281312023,82.38031058165666,2567800
2024-07-18,80.7744140625,83.29299758985486,80.68463859424378,81.74194506687633,3233900
2024-07-19,80.26551055908203,81.20846034378019,79.73666146255272,81.05379779058893,2428200
2024-07-22,81.05380249023438,81.20347102597188,79.92624876871078,80.9041263416517,2439400
2024-07-23,80.64469146728516,81.03384490169975,80.32538589000022,80.70455888401187,1529000
2024-07-24,79.51714324951172,81.31323422031782,79.45726822149315,80.824299233097,2517000
2024-07-25,79.74663543701172,80.8841619361056,79.55705276239262,80.23557800859291,2512400
2024-07-26,80.32538604736328,81.5108126682238,79.82647060607532,80.56486332758477,2532900
2024-07-29,81.87202453613281,82.28013394446683,80.34533693620908,80.50499352685938,2790400
2024-07-30,82.4707260131836,83.89762451517569,80.82430349352416,82.36096400434992,5269100
2024-07-31,84.44641876220703,88.05856903727819,79.82646484965728,79.92624640815038,8043400
2024-08-01,83.21908569335938,84.81561336351548,82.0416451092109,83.91756417003879,3561600
2024-08-02,83.2590103149414,83.34881143916841,80.61974339787086,82.62039916650916,2986200
2024-08-05,81.34317016601562,82.1913325061487,79.56703241378277,81.79219863070587,3589100
2024-08-06,81.37310791015625,82.75011172641398,80.99392731937365,81.93189074350516,2686700
2024-08-07,79.16789245605469,82.4806980387232,78.609109641072,82.05163048783439,2401200
2024-08-08,82.14142608642578,82.22125437258612,79.50715354588968,79.7466307915263,1632600
2024-08-09,83.21908569335938,83.28893354102732,81.13860950263094,82.14142666118734,1584300
2024-08-12,82.19132995605469,83.01952377680934,81.53275794008026,83.01952377680934,1564400
2024-08-13,83.98741149902344,84.30671703108271,82.34098925662475,83.00954163771131,1766200
2024-08-14,83.2889404296875,84.04729399055022,82.57050101548548,84.00737984388954,1904600
2024-08-15,85.1149673461914,85.75357842711313,83.78785060093284,83.78785060093284,2319400
2024-08-16,84.61605834960938,84.96529762133946,83.97744722049003,84.74577361829621,1341700
2024-08-19,85.40434265136719,85.4243035324613,83.9674713392604,84.51627376381902,1439000
2024-08-20,83.75791931152344,85.51409602828241,83.65813014181536,84.97527409865181,1464200
2024-08-21,84.2967529296875,84.45640190581868,83.35878950156433,84.45640190581868,984300
2024-08-22,84.1869888305664,84.5960955071469,83.76789410136726,84.5960955071469,944800
2024-08-23,84.5960922241211,85.384379453059,83.7678908504825,84.8156162135525,1511800
2024-08-26,84.30671691894531,85.2346998097652,83.98741138731074,84.45639305220872,1475100
2024-08-27,84.2269058227539,84.51627007036267,83.84772522699232,84.34664065270367,1208100
2024-08-28,83.74794006347656,84.23687502805409,83.14924310093441,84.23687502805409,1131300
2024-08-29,83.89762115478516,84.81562372567427,83.49848728527174,84.06725057515362,1264700
2024-08-30,84.63601684570312,84.69588426374264,83.40868148597363,84.26681667115297,1838600
2024-09-03,84.61605834960938,85.38139289926755,84.14707663635248,84.37657346655575,1963900
2024-09-04,87.36009979248047,87.52972922121758,84.02734057239438,84.02734057239438,2008000
2024-09-05,87.10065460205078,88.3080290002644,86.49197718296486,87.21041660305612,2321000
2024-09-06,84.90542602539062,87.55965982349369,84.82560534065883,87.0407911149324,2696500
2024-09-09,84.93536376953125,86.27245343983381,84.53622991130007,85.17484103933191,1659600
2024-09-10,85.36442565917969,85.54403550279959,84.6559591111801,85.02515923774449,1558900
2024-09-11,87.00086975097656,87.22039374468572,82.95965197220853,85.0750560054983,2630300
2024-09-12,87.2702865600586,87.28026700030766,85.8533685585054,86.83123854324394,1393200
2024-09-13,86.72148132324219,86.96095859149112,85.52407975630729,86.42212902829719,10515100
2024-09-16,86.45206451416016,87.06074194365344,85.66877125306011,86.96096038090025,4680200
2024-09-17,86.60173797607422,87.99870264978443,86.16268997817657,86.45206183016866,3144200
2024-09-18,88.33795928955078,89.49544666888092,86.8062929739821,87.23036649523637,3508400
2024-09-19,90.42343139648438,90.59306080832782,88.57743829436397,89.47548755242485,3128100
2024-09-20,90.08417510986328,90.9323298774883,89.4006633591704,90.15402297042426,9492300
2024-09-23,90.68286895751953,91.41527799128339,90.13406653321566,90.30369595820892,2908800
2024-09-24,92.00997924804688,92.13969451437426,89.60521092400828,90.80260486611576,3537800
2024-09-25,92.8082504272461,93.32711912483357,91.95011527855328,92.58872641997417,4044700
2024-09-26,92.28937530517578,92.51887975560037,89.18612068135344,90.82256270392173,5273200
2024-09-27,91.79045104980469,94.34490301580298,91.690669494668,92.47895672208378,12623800
2024-09-30,93.64642333984375,94.11540505534528,92.1895912187648,92.30933366086471,3977300
2024-10-01,91.47115325927734,93.61649113436822,90.9522845608775,93.61649113436822,2615400
2024-10-02,90.84251403808594,92.27939278020834,90.77266618883525,91.43123053707828,1763400
2024-10-03,89.68502807617188,90.64294471474582,89.32580838510106,90.31366634196817,2592900
2024-10-04,91.22168731689453,91.27158190061473,89.72494115942389,90.44338053306494,1988600
2024-10-07,89.8646469116211,91.10196268813063,89.52039403883599,90.80261037800999,2623400
2024-10-08,90.49327850341797,90.81956503657008,89.66507710487345,90.0442500716655,2075400
2024-10-09,90.57310485839844,90.82256257627893,89.79979202324522,90.60304617933423,2122900
2024-10-10,90.05422973632812,90.66290713360125,89.60021489506221,90.1041243214862,2269300
2024-10-11,90.8325424194336,91.41128614819442,90.19393127488556,90.48330313926597,1372100
2024-10-14,91.42125701904297,91.60086686044951,90.373531675364,90.85249379006298,1342800
2024-10-15,90.51323699951172,91.75553916910475,90.41345543541664,91.69067772666254,2474300
2024-10-16,90.0242919921875,90.92234119483531,89.76984027727799,90.84251290730117,1823100
2024-10-17,90.62299346923828,90.7227750272394,90.06421065415617,90.54316517769944,1711100
2024-10-18,91.17198181152344,91.41154582876374,89.81947851856418,89.89433751435134,1609500
2024-10-21,89.63481903076172,91.28177782015058,89.35532768424092,90.72281035783003,1675400
2024-10-22,89.14571380615234,89.39525393671742,87.53368669500288,89.09581034925559,2210200
2024-10-23,89.1257553100586,90.1937867806032,87.94792557115663,88.48693317526707,2116600
2024-10-24,88.73648071289062,89.81449601104978,88.4370294805038,89.395262762636,1291700
2024-10-25,88.25735473632812,89.48509557378371,88.13758034316416,89.09581356527941,2035500
2024-10-28,85.77193450927734,86.80502669617488,84.743830383492,86.5005950457616,4223700
2024-10-29,85.11315155029297,86.54052152194745,84.8536352757093,85.50244119289061,3762300
2024-10-30,87.03959655761719,89.99415847504201,85.6421778856251,89.56494913568427,4700400
2024-10-31,87.1893310546875,87.98286694193287,85.84181570334677,85.96159772260248,3259500
2024-11-01,86.79004669189453,88.27731122164334,86.5604740566714,87.04957053704045,3383300
2024-11-04,86.82998657226562,87.75827621468035,86.39080109626786,87.43886513424522,1431700
2024-11-05,88.00782012939453,88.02778760641759,86.65032107555147,86.65032107555147,1656200
2024-11-06,86.62036895751953,89.83444705966753,84.91850343831376,89.75459239015021,4163100
2024-11-07,88.16751861572266,88.71650232040462,86.77607806860777,86.94976158970921,2497300
2024-11-08,85.78192138671875,88.9460885498499,85.68209923793748,88.63666121163807,10190500
2024-11-11,85.2329330444336,86.98969783313996,84.3146271199084,86.8399722200332,4367000
2024-11-12,84.7637939453125,85.75197839463782,84.56416487705974,85.26287423130519,3918900
2024-11-13,84.02515411376953,85.2478992456774,83.1018525730486,84.96342745328178,3014800
2024-11-14,82.7674789428711,84.53422755098391,82.54788238228203,83.4961395652474,3061100
2024-11-15,81.60960388183594,82.66765156545037,81.37003988092083,82.65766782823886,3768400
2024-11-18,82.56783294677734,83.33142507536486,81.73436989189292,81.74934168928799,2918000
2024-11-19,82.36820220947266,83.07690287545613,81.55969463058831,81.8491620932981,2513600
2024-11-20,84.74382781982422,85.13310980489143,82.25841031161964,82.34824110108427,6103400
2024-11-21,81.84915924072266,85.10316453308148,81.68944990878255,84.44437496186868,4930600
2024-11-22,82.28836059570312,82.42810246757846,80.41181383275863,81.8092401668728,5934900
2024-11-25,82.5079574584961,83.3464086929683,81.74935328300155,83.20666682055626,5272900
2024-11-26,82.35823822021484,83.27654420007724,82.23845619943917,82.62773824775826,2040900
2024-11-27,82.84732055664062,83.75065458039697,82.56584161391527,82.69759496027345,1808000
2024-11-29,83.06692504882812,83.35639253213559,82.73753022830297,83.09686864790115,1277700
2024-12-02,82.92718505859375,83.09687053409985,82.23845180283702,82.73753210634511,2247000
2024-12-03,82.4181137084961,82.90721023026353,81.88309656350938,82.32828291720347,2026700
2024-12-04,82.85730743408203,83.05693649323065,82.34824343328444,82.46802543798988,1932700
2024-12-05,81.41497039794922,83.17672321790228,81.2103456507259,82.60777199014635,2269200
2024-12-06,81.0905532836914,81.81921376706516,80.32197308360888,81.22031901675463,3177200
2024-12-09,81.74935150146484,81.96894804342985,80.910892669904,81.21034388446732,2372600
2024-12-10,82.20851135253906,82.8473335562742,81.4948225311929,82.2683985543388,3124600
2024-12-11,82.59778594970703,83.176720899458,81.62956899262436,81.89907660715288,3890100
2024-12-12,81.47984313964844,82.46802756944787,80.69129538951788,82.1785600954485,2370000
2024-12-13,80.95082092285156,81.34010293697547,80.47170811255789,81.25027214080572,2836000
2024-12-16,80.1423110961914,81.62956817639136,79.94267441791452,80.61144777094134,2908800
2024-12-17,79.1042251586914,80.68132068670269,79.06429782205508,80.1922165244283,3557100
2024-12-18,76.94819641113281,80.22216955103951,76.8384057521032,79.2240089586604,3264100
2024-12-19,77.2875747680664,78.03619521037028,76.8084543342331,77.16779275576785,3384400
2024-12-20,78.76485443115234,78.88462882602113,76.74956342237182,77.42731530401805,11179900
2024-12-23,79.13417053222656,79.20404146906706,77.38738949585297,78.63509023611982,2495700
2024-12-24,79.21402740478516,79.64323677595819,78.59017701734535,79.39369662098227,1035700
2024-12-26,79.5633773803711,80.03251406236262,78.8297287590202,78.95449882910897,1622000
2024-12-27,79.3637466430664,79.7230850465837,78.7448843669287,79.1740937036099,1533000
2024-12-30,78.4554214477539,79.0143965608516,77.45726085016071,78.97446922310453,1850600
2024-12-31,78.03618621826172,79.12417748033421,77.82657343241362,78.85467750291811,1877800
2025-01-02,78.23582458496094,78.7748322193491,77.57704255317161,78.7748322193491,2658500
2025-01-03,80.37187957763672,80.47170171926467,78.24580046822896,78.40550980254552,2712600
2025-01-06,81.5696792602539,82.24842872135905,80.27206753258336,80.37188206193638,3746500
2025-01-07,83.2166519165039,83.28652285384999,81.30017777791254,81.72938714028443,3382000
2025-01-08,86.10132598876953,87.13941381208096,84.13494860526156,84.49428699084474,4432600
2025-01-10,84.60408782958984,85.9116756742159,84.24474943306718,85.22294247832075,3792000
2025-01-13,85.20298767089844,85.38764494118082,83.74268130192748,84.98339112496217,2903800
2025-01-14,84.00969696044922,85.86703789380503,83.70014267771825,85.76718241084197,2821300
2025-01-15,83.54037475585938,86.12666755065257,82.74151566161876,85.09814160929513,4148700
2025-01-16,84.87844848632812,85.22794645639848,83.25976435107124,83.64022384158555,2115900
2025-01-17,84.61882019042969,86.21653067661912,84.45905295105301,86.21653067661912,2855000
2025-01-21,87.21509552001953,87.49470150472513,84.5189597103304,85.01824468386425,2861800
2025-01-22,87.20512390136719,88.14377456356121,86.62894551108846,87.09528058688414,2381200
2025-01-23,88.03392791748047,88.54319309202812,86.73578397241461,87.20511305437662,1696900
2025-01-24,88.54319763183594,88.65304093828807,86.89555565353832,87.38486042536482,2008400
2025-01-27,88.86273956298828,89.56174311359693,88.04391249172075,88.75289625672814,2376800
2025-01-28,87.65447235107422,89.19227104722273,87.57458492357664,88.6230864586502,2406800
2025-01-29,87.72437286376953,88.48328819597165,87.41481860208167,87.66446110176143,1336100
2025-01-30,89.42194366455078,89.62165461071856,88.28357451072903,88.42337369674333,1618700
2025-01-31,88.17373657226562,89.67159161515698,88.09384914154175,89.00254390595046,1775500
2025-02-03,87.3848648071289,88.36345916288325,86.23650775749155,87.28500932857015,2142300
2025-02-04,86.80569458007812,87.9041201092153,86.63593950034921,87.56460994975748,2488900
2025-02-05,87.04534149169922,87.6644576088916,86.17659050325793,86.8855742598818,2346900
2025-02-06,88.42337799072266,90.61024114584922,87.2400673408381,87.38486425955293,3252700
2025-02-07,87.5146713256836,89.23221288841651,87.37287609686585,88.67301614463713,1671400
2025-02-10,87.3748779296875,88.15376133684602,86.74078382525062,87.87416294642857,2036400
2025-02-11,86.90554809570312,87.85419419096868,86.61097176663256,86.6858614711472,2392400
2025-02-12,85.77716827392578,86.54606385540917,85.37773873276558,85.81711198989028,3656300
2025-02-13,93.34632873535156,94.6644408557924,89.51181590048796,89.87130171683407,7832700
2025-02-14,92.07813262939453,93.07670256262968,91.04960681711977,93.0667147301218,3946400
2025-02-18,92.53748321533203,93.12664349695946,91.99326437527961,92.11808562952015,3262700
2025-02-19,92.3876953125,93.01679930375084,91.46901271841728,92.14804063980117,3284000
2025-02-20,91.95830535888672,93.00680688023577,91.40909644361975,92.19796763824235,2341200
2025-02-21,90.9597396850586,91.60881172332634,90.30068743187564,91.40910076623689,2854700
2025-02-24,90.44047546386719,91.56885670728487,90.2417625527933,90.51037505207033,2769000
2025-02-25,90.68013763427734,91.25931005231685,89.8812862197083,90.95973601030073,2310900
2025-02-26,90.58028411865234,91.51894236001682,90.02607746187633,90.24077397427725,1845500
2025-02-27,89.27215576171875,92.06615102994931,89.15232462411409,89.98113951762365,3926200
2025-02-28,87.22509765625,90.13094033560317,85.76718620867405,89.83136625496365,4214400
2025-03-03,86.32637023925781,88.85275864474438,86.1666030068168,87.36488391481909,3556300
2025-03-04,84.1894302368164,86.49613200709774,82.5917198369031,86.49613200709774,3998900
2025-03-05,84.63878631591797,85.36574202917993,83.67017230015477,83.87987106359571,3111100
2025-03-06,85.2878646850586,85.74720595645067,83.50042352683565,83.87987737229408,3946100
2025-03-07,86.45619201660156,86.81567782436791,84.5788755497141,85.37773459330252,4076700
2025-03-10,85.23793029785156,87.21509450365349,84.748633162666,85.65233773527342,3552100
2025-03-11,85.46760559082031,89.10240752518676,84.81854116322232,87.21510315108976,4276600
2025-03-12,83.67018127441406,85.96688770497572,83.63522766751636,85.59742168053998,2819700
2025-03-13,81.33352661132812,83.99971440492214,81.04394800434821,83.5203974341739,3605700
2025-03-14,81.852783203125,82.21226900858154,80.28602664686358,82.03252610585328,5207300
2025-03-17,82.35206604003906,82.77645370308167,81.50328309546964,81.72296208772946,2526800
2025-03-18,82.02253723144531,82.2621918925456,81.11384251476106,82.04251289731951,2899900
2025-03-19,82.28216552734375,82.50684224273455,81.66304941475912,81.76290488621234,3124200
2025-03-20,81.69300842285156,82.56176705658122,81.43338571082751,81.93267070569834,2731100
2025-03-21,81.37347412109375,81.71299191172126,80.03539386361246,81.03396394895138,4304400
2025-03-24,81.58316802978516,82.67161331910987,81.36348902371891,82.03252911231698,4453600
2025-03-25,82.34208679199219,82.77147222544454,81.36349239290496,81.84280175860502,3730100
2025-03-26,80.88417053222656,82.74151135392682,80.36990758832141,82.28217006512244,2859100
2025-03-27,81.54322052001953,82.68158958019535,81.05391579073701,81.27360238454,3074600
2025-03-28,79.89558410644531,81.67104136173334,79.67090739062226,81.30356377915815,3189800
2025-03-31,80.5945816040039,80.89415564328793,79.0867388116471,79.58602379813094,4151200
2025-04-01,79.45621490478516,80.72439545759222,79.21656023702724,80.25507395529094,2996300
2025-04-02,79.24651336669922,79.76576639856003,78.58745353014223,78.66734095611598,2806100
2025-04-03,71.89703369140625,76.48046593236117,70.34924727982272,76.4255519009247,9331400
2025-04-04,60.423465728759766,63.705767699571304,57.95700055355235,63.26939235910345,16890600
2025-04-07,60.90278244018555,63.653839887810804,58.77083348078614,60.443437371829994,9299600
2025-04-08,58.665985107421875,64.33786278084474,57.96698537408077,63.0996343552769,7418900
2025-04-09,64.8870849609375,65.43629391531354,57.56756469309617,57.617492433562866,8488500
2025-04-10,62.19093704223633,64.10818957252668,59.61163060491833,63.59892055955648,7636300
2025-04-11,62.720184326171875,63.50605768246341,60.7719740038764,62.25085519782447,7221500
2025-04-14,64.29792022705078,64.69235963442435,63.14956703873354,63.828591118775556,4896000
2025-04-15,63.009765625,64.70733920009681,62.57039619529034,64.40776515199605,5405800
2025-04-16,61.39208221435547,63.6039148832719,60.61319884509334,63.00976452330071,6206900
2025-04-17,62.28081130981445,62.75014043989769,61.61177122239076,61.9013574434737,4474000
2025-04-21,60.39351272583008,61.716618728541526,59.864271848442385,61.641725217210265,5755100
2025-04-22,61.56184005737305,62.25085196403837,60.66312556238166,61.501924487959585,4508800
2025-04-23,64.79720306396484,66.98407367948556,64.18308468151135,64.40776139523979,6292800
2025-04-24,66.98407745361328,67.29363171581458,64.67737557217681,64.94699373862947,6555800
2025-04-25,68.35782623291016,70.75564692357503,67.86827362077258,68.93730102745936,5508600
2025-04-28,68.00814056396484,68.73748052478581,67.21885756778863,68.26790642127301,3896300
2025-04-29,68.02812194824219,68.4777176000443,67.04901675735698,67.8183136930525,5692100
2025-04-30,70.2660903930664,72.53402420738392,69.7765301857672,72.43411660552376,12759300
2025-05-01,67.60850524902344,70.85555191674689,67.56854068303299,70.25609867181333,8115300
2025-05-02,70.46590423583984,71.14528658681365,69.30696235621468,69.83647949606197,7209400
2025-05-05,69.30696105957031,70.52584595185779,69.12712433407525,69.86644970668333,5927300
2025-05-06,67.02903747558594,68.91732720913305,67.00905900173518,68.41778151577809,5677400
2025-05-07,68.75746154785156,69.24701414049996,66.88915811116671,67.4136825573779,5304500
2025-05-08,70.4359359741211,71.33511965998518,69.04719969024387,69.42685163651464,6022300
2025-05-09,69.80651092529297,71.74474283764727,69.72658179298969,70.68570851324432,5724400
2025-05-12,74.04265594482422,77.67934762243114,73.44320269666756,76.88007154324785,8031200
2025-05-13,73.76290893554688,75.62121927333308,73.60305067650829,74.28243303249961,4751000
2025-05-14,72.7738037109375,73.87780290698882,72.6539176381271,73.44320064812831,3849400
2025-05-15,72.84375,72.99360759632751,71.48997794096873,72.2143176055778,3448000
2025-05-16,73.06354522705078,73.16346045666408,71.97953206341059,72.84375154030228,3309100
2025-05-19,73.03357696533203,73.22340676311181,71.81468428530599,72.17435778506653,2418500
2025-05-20,71.78470611572266,72.93366259896578,71.72476307880159,72.53402456708189,3268200
2025-05-21,69.51677703857422,71.42503752803484,69.34693334072219,71.35510143936271,3225900
2025-05-22,69.37689971923828,70.05128174806607,68.16100278651909,69.34692820095191,2835100
2025-05-23,69.09716033935547,69.2969755572318,68.37781335906153,68.43775639993204,2486600
2025-05-27,70.94548034667969,71.32513232334682,69.70660155920588,70.31604790494931,3183800
2025-05-28,71.08534240722656,71.38506520219428,70.4359315844381,70.94547024508273,2448600
2025-05-29,71.46499633789062,71.93457044790829,70.71567789572491,71.73475524564864,2807600
2025-05-30,70.47590637207031,71.2751748970605,69.52676499416276,71.2751748970605,7095500
2025-06-02,70.08625793457031,70.3859807584278,69.79652053578477,70.36600228582206,2396200
2025-06-03,71.09534454345703,71.23521672348376,69.24701943710272,69.93639491185027,2445300
2025-06-04,71.06536102294922,71.48498515964661,70.8655458130641,71.28516232729983,1672500
2025-06-05,71.4849853515625,71.91459491418435,70.7856168701637,71.24519795210261,1898800
2025-06-06,71.55492401123047,72.38416402452255,70.81559093666179,71.95455444644797,2152700
2025-06-09,71.60487365722656,72.92367390545121,71.41005115314094,71.78471040118728,2075600
2025-06-10,73.85282897949219,74.05265181814487,71.69479567927644,71.82467480755426,4533500
2025-06-11,73.33330535888672,74.09261690617524,72.77380902919215,73.9377513467087,3051600
2025-06-12,73.04356384277344,73.72793892806378,72.26427386661128,73.14347144594215,3574800
2025-06-13,72.18434143066406,72.7238516100315,71.84465407094818,72.12439839599918,2976900
2025-06-16,72.79379272460938,73.05355859688727,71.61486468576253,72.28425402734241,3046900
2025-06-17,71.07535552978516,72.64392858922663,70.83057541355669,72.3042412009538,2918100
2025-06-18,71.82467651367188,72.10442087196877,70.92549277453038,71.18525865971839,3496300
2025-06-20,71.21522521972656,72.54401845153451,71.15028184733802,72.53402540444515,6306600
2025-06-23,71.09534454345703,71.32013857403841,69.42685618606025,71.2152306277873,3142300
2025-06-24,71.91459655761719,72.22431242758691,71.34511481019379,71.51495850517965,8746500
2025-06-25,72.68389129638672,72.78379890082414,71.03538914455366,71.94456587659589,5681100
2025-06-26,74.79197692871094,75.22158650180515,72.85373732603539,72.93366646113707,5091900
2025-06-27,74.31240844726562,75.50132953821068,74.01268562954334,75.1316630116453,6817100
2025-06-30,74.00269317626953,74.51223187968797,73.50514460525011,73.93275708932674,2952400
2025-07-01,75.88097381591797,76.755178618509,73.54310405977004,73.75291229769658,3298700
2025-07-02,76.05082702636719,76.09079159018617,75.29151555872896,75.71113204513648,2526100
2025-07-03,76.00086975097656,76.46045080322881,75.62121782671458,76.11077039634789,1800500
2025-07-07,74.54219818115234,76.4204869721708,74.3124038415917,75.54128942322922,3528300
2025-07-08,75.13166046142578,76.610318895035,74.4322996213507,74.59215788334583,3522500
2025-07-09,75.44139099121094,76.04084428481085,74.81195855383818,75.78107839601475,2574300
2025-07-10,76.43048858642578,77.24974319186545,75.06173068726225,75.44139028018495,2738500
2025-07-11,75.06172180175781,75.79305884261377,74.87189965022895,75.60123198378652,1897900
2025-07-14,74.3823471069336,74.8069639748071,73.8128653488519,74.74202059861277,2236700
2025-07-15,74.32240295410156,74.86191318355039,73.59307055643951,74.7220410080409,4637500
2025-07-16,75.38143157958984,76.14074306202635,74.13256752013699,74.37235490772407,6398500
2025-07-17,76.17071533203125,76.51041032323673,74.74201452901058,75.22158168645907,3968000
2025-07-18,75.89097595214844,76.7851669544794,75.3814372433187,76.77017357197505,3383600
2025-07-21,74.09261322021484,75.83102991867769,74.02766984761973,75.65119318280486,3902800
2025-07-22,76.42048645019531,76.71022382311396,74.04265205437976,74.09260966512687,4674300
2025-07-23,77.17980194091797,77.7293051978962,76.63029868393973,77.52948236696702,2337000
2025-07-24,76.70023345947266,77.78425419540719,76.24565272460177,76.93002780550201,2392500
2025-07-25,77.57484436035156,77.79474592356397,75.935587867599,76.72523092370787,3132700
2025-07-28,77.70478057861328,78.73431275433776,76.94612935763021,77.33495307428797,3950900
2025-07-29,77.6847915649414,78.66434332295303,77.40491963408094,78.17456744394721,4524000
2025-07-30,71.6075439453125,73.89151242023881,70.28814225686718,73.31676833993907,12910000
2025-07-31,71.28768920898438,72.97692601942896,71.07778526153463,72.30722375744571,6427700
2025-08-01,69.818359375,70.86788681972334,69.05870148763776,70.35811569292011,5128400
2025-08-04,70.60800170898438,70.94284904949015,69.87833664637138,70.37811016221977,3251600
2025-08-05,70.70795440673828,71.50759507704022,70.47806286153504,70.95784116296531,3726200
2025-08-06,69.92830657958984,70.99782155498873,69.54848146832407,70.90786598624355,5171000
2025-08-07,71.06778717041016,71.49759266727759,69.97828464691949,70.81790043097415,4233700
2025-08-08,71.9673843383789,72.05234491866577,70.97783493898896,71.16774368424376,3025100
2025-08-11,72.96693420410156,73.30677653857418,71.88742156647312,72.00736995707808,4130000
2025-08-12,74.37629699707031,74.57620334956177,73.01591344955374,73.19683121511822,2338000
2025-08-13,75.2958755493164,75.4058263267763,74.28133597852225,74.37629416141382,3067900
2025-08-14,73.62663269042969,75.08597033605253,73.2168147766222,74.8860563686081,3122600
2025-08-15,73.36675262451172,74.48624040373724,73.02690267300501,73.97647691538499,2926900
2025-08-18,73.13685607910156,73.74658039185111,72.67706534957448,73.32677245957927,2292500
2025-08-19,73.93649291992188,74.0114558946578,72.66706395751167,72.8869655179883,2949900
2025-08-20,73.83654022216797,74.35630131088597,73.58665347018194,74.01645898863545,2156900
2025-08-21,73.11686706542969,74.03045451872518,72.93694829426441,73.46670700215698,2575900
2025-08-22,75.18592834472656,75.52077568256173,73.66161760835858,73.81654617688575,3666500
2025-08-25,74.55620574951172,75.0759744508346,73.96447869457398,74.93603848338726,2022000
2025-08-26,74.05643463134766,74.87506388011494,73.72658991233163,74.54621815904568,1845900
2025-08-27,74.22636413574219,74.44626570116715,73.68660782768235,73.73658060331802,2113000
2025-08-28,73.68660736083984,74.46625281445172,73.18683385201803,74.39128983850387,2511900
2025-08-29,73.69660186767578,74.11640976720987,73.16683556481051,73.64662146851963,1983000
2025-09-02,71.56756591796875,73.2767904264287,71.10777519867005,72.9369480962274,4045600
2025-09-03,72.34720611572266,72.62708566990935,71.5975458967976,71.8824204404394,3882900
2025-09-04,74.08642578125,74.10641336567413,71.52758029647626,72.44716932469129,2217100
2025-09-05,75.6957015991211,75.71568918474689,74.1763858096407,74.21636860683111,3010700
2025-09-08,78.12459564208984,78.39446997136281,74.95602591876933,76.10550647132244,6251200
2025-09-09,78.67434692382812,78.8542656967987,77.37494034209722,77.9046990553054,3997900
2025-09-10,75.95557403564453,79.65390249372311,75.61573171770164,78.67434308294125,4250400
2025-09-11,77.9246826171875,78.36448573417084,75.60573389971431,75.9056010478281,4358000
2025-09-12,76.4053726196289,77.59983094049795,76.34539461595381,77.43490477578321,3254100
2025-09-15,77.72477722167969,78.20455551341598,76.4653458604796,76.54531145108182,3196700
2025-09-16,77.44490814208984,78.46444276915499,77.2749793492967,78.28452399662129,3384400
2025-09-17,76.59528350830078,78.64435789914278,76.07552242613188,77.46489213959273,2925300
2025-09-18,73.96647644042969,77.01509777652541,73.7165896956985,76.9551197721519,3841300
2025-09-19,74.87606811523438,75.5057799688355,74.35629941383873,74.42626739757218,6294100
2025-09-22,74.73612976074219,75.03599692687064,73.74158532409581,74.57620619782881,3155900
2025-09-23,74.56620788574219,75.40583136738559,74.43626951548468,74.59619307688325,3143100
2025-09-24,73.94648742675781,75.00600476363559,73.63662268364332,74.67615243674183,2320500
2025-09-25,71.46761322021484,72.86698059866553,69.75339371041831,72.86698059866553,5017100
2025-09-26,72.42717742919922,72.95693613897568,71.68751475663994,72.19728588107748,2679100
2025-09-29,73.056884765625,73.61163364196464,72.40718533241814,72.96692919829663,2914600
2025-09-30,75.06597900390625,75.2359001655578,72.67706225759605,72.76702545407765,4089700
2025-10-01,75.47579956054688,76.46534900058572,74.17638535068428,74.92604563500376,3579400
2025-10-02,76.78520202636719,76.8151872169166,74.5762040199437,75.06597992610746,2517100
2025-10-03,76.52531433105469,77.9146840228629,76.39537596902208,77.12504861966858,2696300
2025-10-06,76.3753890991211,76.6652510151402,75.84562278909921,76.62527584640112,1677100
2025-10-07,74.45625305175781,75.45580004044113,74.16638350992704,75.09596251444007,2808300
2025-10-08,75.09596252441406,75.1459429242302,73.77656080421437,74.39628268261814,2477900
2025-10-09,74.1863784790039,75.25189745670842,73.75657297023008,74.84607552390192,1825200
2025-10-10,70.97783660888672,74.50623639833931,69.99827716582196,73.9774766914956,7015400
2025-10-13,71.80745697021484,72.79701404808958,71.66752099220125,71.98737574565217,2693700
2025-10-14,72.3072280883789,73.06688596222494,70.94785115098823,71.13775989999579,2783600
2025-10-15,73.18683624267578,73.90651133903766,72.22727198950622,72.85698388585345,3432900
2025-10-16,73.34675598144531,74.20137202030601,72.72203910757996,73.85652708578219,1766900
2025-10-17,74.0164566040039,74.1663825496145,72.61708931277872,72.96692922910046,2049500
2025-10-20,75.44580841064453,75.8786109051105,74.02644592205355,74.31631545754263,2050900
2025-10-21,76.0655288696289,76.51532961704063,75.14594741518626,75.21591540354736,1644400
2025-10-22,76.10550689697266,77.10505388288082,75.66570378287281,75.98555851332588,2547300
2025-10-23,77.22500610351562,77.36494207842054,75.84562631382622,76.28542944977805,2235200
2025-10-24,78.13999938964844,78.33000183105469,77.13999938964844,77.58000183105469,2600300
2025-10-27,78.3499984741211,79.1500015258789,78.27999877929688,78.62000274658203,4093600
2025-10-28,79.4000015258789,79.75,77.68000030517578,78.12000274658203,5877000
2025-10-29,77.37999725341797,78.38500213623047,73.7300033569336,76.73999786376953,8765300
2025-10-30,75.0,77.37999725341797,73.94999694824219,77.37999725341797,3474800
2025-10-31,74.94999694824219,75.19000244140625,73.5199966430664,74.63999938964844,3275700
2025-11-03,74.47000122070312,75.87000274658203,73.63800048828125,74.83000183105469,4442900
2025-11-04,74.30000305175781,75.48999786376953,73.9000015258789,74.41000366210938,2489700
2025-11-05,75.61000061035156,76.80999755859375,73.30999755859375,74.20999908447266,3732000
2025-11-06,74.16999816894531,76.36000061035156,74.0199966430664,75.45999908447266,2554200
2025-11-07,73.05000305175781,74.13999938964844,72.69499969482422,73.5999984741211,4401300
2025-11-10,73.4800033569336,74.0,72.20999908447266,73.47000122070312,4400700
2025-11-11,73.41000366210938,74.38999938964844,72.81999969482422,73.5,3672900
2025-11-12,74.9800033569336,75.5,73.29000091552734,73.69999694824219,3034600
2025-11-13,73.97000122070312,75.58999633789062,73.91999816894531,74.33999633789062,2708200
2025-11-14,73.1500015258789,74.0250015258789,72.5,73.70999908447266,4407300
2025-11-17,70.62999725341797,73.0,70.29000091552734,72.56999969482422,4806100
2025-11-18,71.0199966430664,71.51000213623047,70.03500366210938,70.4800033569336,3371500
2025-11-19,72.30999755859375,72.33999633789062,70.88999938964844,71.23999786376953,4218900
2025-11-20,74.75,75.3499984741211,73.04000091552734,73.12999725341797,8322400
2025-11-21,76.44999694824219,77.09500122070312,73.3499984741211,74.88999938964844,8388600
2025-11-24,78.23999786376953,79.0199966430664,76.50499725341797,76.50499725341797,7118800
2025-11-25,79.95999908447266,81.94000244140625,78.1500015258789,78.23999786376953,5949700
2025-11-26,80.62999725341797,81.2699966430664,79.70500183105469,80.06999969482422,3091600
2025-11-28,79.98999786376953,80.69000244140625,79.62999725341797,80.6500015258789,1353300
2025-12-01,79.23999786376953,80.29000091552734,79.0,79.3499984741211,2540800
2025-12-02,80.22000122070312,80.7300033569336,79.3499984741211,79.72000122070312,2367800
2025-12-03,83.58999633789062,84.11000061035156,80.0999984741211,80.20999908447266,5253900
2025-12-04,82.5199966430664,83.69999694824219,81.55000305175781,82.93000030517578,3321100
2025-12-05,85.45999908447266,85.55999755859375,82.54000091552734,82.91000366210938,4439300
2025-12-08,83.08999633789062,85.88999938964844,82.4739990234375,85.4000015258789,4234100
2025-12-09,83.02999877929688,83.63999938964844,82.69000244140625,83.13999938964844,2749300
2025-12-10,84.47000122070312,84.87000274658203,82.51000213623047,82.67500305175781,2562000
2025-12-11,86.05000305175781,86.19000244140625,84.13500213623047,84.47000122070312,3478800
2025-12-12,83.95999908447266,86.0,83.55999755859375,86.0,2386900
2025-12-15,84.44999694824219,85.05999755859375,83.61000061035156,84.80999755859375,3566100
2025-12-16,82.25,84.5,81.73999786376953,84.44999694824219,3207400
2025-12-17,82.37999725341797,83.55999755859375,82.11000061035156,82.19999694824219,3100800
2025-12-18,82.5199966430664,83.4800033569336,82.23999786376953,82.80999755859375,2095100
2025-12-19,82.88999938964844,83.63999938964844,82.30000305175781,82.99500274658203,6437600
